grantor,grantee,table_schema,table_name,privilege_type,is_grantable
supabase_auth_admin,postgres,auth,audit_log_entries,DELETE,NO
supabase_auth_admin,postgres,auth,audit_log_entries,INSERT,NO
supabase_auth_admin,postgres,auth,audit_log_entries,REFERENCES,NO
supabase_auth_admin,postgres,auth,audit_log_entries,SELECT,YES
supabase_auth_admin,postgres,auth,audit_log_entries,TRIGGER,NO
supabase_auth_admin,postgres,auth,audit_log_entries,TRUNCATE,NO
supabase_auth_admin,postgres,auth,audit_log_entries,UPDATE,NO
supabase_auth_admin,postgres,auth,custom_oauth_providers,DELETE,NO
supabase_auth_admin,postgres,auth,custom_oauth_providers,INSERT,NO
supabase_auth_admin,postgres,auth,custom_oauth_providers,REFERENCES,NO
supabase_auth_admin,postgres,auth,custom_oauth_providers,SELECT,NO
supabase_auth_admin,postgres,auth,custom_oauth_providers,TRIGGER,NO
supabase_auth_admin,postgres,auth,custom_oauth_providers,TRUNCATE,NO
supabase_auth_admin,postgres,auth,custom_oauth_providers,UPDATE,NO
supabase_auth_admin,postgres,auth,flow_state,DELETE,NO
supabase_auth_admin,postgres,auth,flow_state,INSERT,NO
supabase_auth_admin,postgres,auth,flow_state,REFERENCES,NO
supabase_auth_admin,postgres,auth,flow_state,SELECT,YES
supabase_auth_admin,postgres,auth,flow_state,TRIGGER,NO
supabase_auth_admin,postgres,auth,flow_state,TRUNCATE,NO
supabase_auth_admin,postgres,auth,flow_state,UPDATE,NO
supabase_auth_admin,postgres,auth,identities,DELETE,NO
supabase_auth_admin,postgres,auth,identities,INSERT,NO
supabase_auth_admin,postgres,auth,identities,REFERENCES,NO
supabase_auth_admin,postgres,auth,identities,SELECT,YES
supabase_auth_admin,postgres,auth,identities,TRIGGER,NO
supabase_auth_admin,postgres,auth,identities,TRUNCATE,NO
supabase_auth_admin,postgres,auth,identities,UPDATE,NO
supabase_auth_admin,postgres,auth,instances,DELETE,NO
supabase_auth_admin,postgres,auth,instances,INSERT,NO
supabase_auth_admin,postgres,auth,instances,REFERENCES,NO
supabase_auth_admin,postgres,auth,instances,SELECT,YES
supabase_auth_admin,postgres,auth,instances,TRIGGER,NO
supabase_auth_admin,postgres,auth,instances,TRUNCATE,NO
supabase_auth_admin,postgres,auth,instances,UPDATE,NO
supabase_auth_admin,postgres,auth,mfa_amr_claims,DELETE,NO
supabase_auth_admin,postgres,auth,mfa_amr_claims,INSERT,NO
supabase_auth_admin,postgres,auth,mfa_amr_claims,REFERENCES,NO
supabase_auth_admin,postgres,auth,mfa_amr_claims,SELECT,YES
supabase_auth_admin,postgres,auth,mfa_amr_claims,TRIGGER,NO
supabase_auth_admin,postgres,auth,mfa_amr_claims,TRUNCATE,NO
supabase_auth_admin,postgres,auth,mfa_amr_claims,UPDATE,NO
supabase_auth_admin,postgres,auth,mfa_challenges,DELETE,NO
supabase_auth_admin,postgres,auth,mfa_challenges,INSERT,NO
supabase_auth_admin,postgres,auth,mfa_challenges,REFERENCES,NO
supabase_auth_admin,postgres,auth,mfa_challenges,SELECT,YES
supabase_auth_admin,postgres,auth,mfa_challenges,TRIGGER,NO
supabase_auth_admin,postgres,auth,mfa_challenges,TRUNCATE,NO
supabase_auth_admin,postgres,auth,mfa_challenges,UPDATE,NO
supabase_auth_admin,postgres,auth,mfa_factors,DELETE,NO
supabase_auth_admin,postgres,auth,mfa_factors,INSERT,NO
supabase_auth_admin,postgres,auth,mfa_factors,REFERENCES,NO
supabase_auth_admin,postgres,auth,mfa_factors,SELECT,YES
supabase_auth_admin,postgres,auth,mfa_factors,TRIGGER,NO
supabase_auth_admin,postgres,auth,mfa_factors,TRUNCATE,NO
supabase_auth_admin,postgres,auth,mfa_factors,UPDATE,NO
supabase_auth_admin,postgres,auth,oauth_authorizations,DELETE,NO
supabase_auth_admin,postgres,auth,oauth_authorizations,INSERT,NO
supabase_auth_admin,postgres,auth,oauth_authorizations,REFERENCES,NO
supabase_auth_admin,postgres,auth,oauth_authorizations,SELECT,NO
supabase_auth_admin,postgres,auth,oauth_authorizations,TRIGGER,NO
supabase_auth_admin,postgres,auth,oauth_authorizations,TRUNCATE,NO
supabase_auth_admin,postgres,auth,oauth_authorizations,UPDATE,NO
supabase_auth_admin,postgres,auth,oauth_client_states,DELETE,NO
supabase_auth_admin,postgres,auth,oauth_client_states,INSERT,NO
supabase_auth_admin,postgres,auth,oauth_client_states,REFERENCES,NO
supabase_auth_admin,postgres,auth,oauth_client_states,SELECT,NO
supabase_auth_admin,postgres,auth,oauth_client_states,TRIGGER,NO
supabase_auth_admin,postgres,auth,oauth_client_states,TRUNCATE,NO
supabase_auth_admin,postgres,auth,oauth_client_states,UPDATE,NO
supabase_auth_admin,postgres,auth,oauth_clients,DELETE,NO
supabase_auth_admin,postgres,auth,oauth_clients,INSERT,NO
supabase_auth_admin,postgres,auth,oauth_clients,REFERENCES,NO
supabase_auth_admin,postgres,auth,oauth_clients,SELECT,NO
supabase_auth_admin,postgres,auth,oauth_clients,TRIGGER,NO
supabase_auth_admin,postgres,auth,oauth_clients,TRUNCATE,NO
supabase_auth_admin,postgres,auth,oauth_clients,UPDATE,NO
supabase_auth_admin,postgres,auth,oauth_consents,DELETE,NO
supabase_auth_admin,postgres,auth,oauth_consents,INSERT,NO
supabase_auth_admin,postgres,auth,oauth_consents,REFERENCES,NO
supabase_auth_admin,postgres,auth,oauth_consents,SELECT,NO
supabase_auth_admin,postgres,auth,oauth_consents,TRIGGER,NO
supabase_auth_admin,postgres,auth,oauth_consents,TRUNCATE,NO
supabase_auth_admin,postgres,auth,oauth_consents,UPDATE,NO
supabase_auth_admin,postgres,auth,one_time_tokens,DELETE,NO
supabase_auth_admin,postgres,auth,one_time_tokens,INSERT,NO
supabase_auth_admin,postgres,auth,one_time_tokens,REFERENCES,NO
supabase_auth_admin,postgres,auth,one_time_tokens,SELECT,YES
supabase_auth_admin,postgres,auth,one_time_tokens,TRIGGER,NO
supabase_auth_admin,postgres,auth,one_time_tokens,TRUNCATE,NO
supabase_auth_admin,postgres,auth,one_time_tokens,UPDATE,NO
supabase_auth_admin,postgres,auth,refresh_tokens,DELETE,NO
supabase_auth_admin,postgres,auth,refresh_tokens,INSERT,NO
supabase_auth_admin,postgres,auth,refresh_tokens,REFERENCES,NO
supabase_auth_admin,postgres,auth,refresh_tokens,SELECT,YES
supabase_auth_admin,postgres,auth,refresh_tokens,TRIGGER,NO
supabase_auth_admin,postgres,auth,refresh_tokens,TRUNCATE,NO
supabase_auth_admin,postgres,auth,refresh_tokens,UPDATE,NO
supabase_auth_admin,postgres,auth,saml_providers,DELETE,NO
supabase_auth_admin,postgres,auth,saml_providers,INSERT,NO